Sin cambios en: ./README.md
Sin cambios en: ./LIF/README_ES.md
Sin cambios en: ./LIF/01_intro/README_ES.md
Sin cambios en: ./LIF/01_intro/01_baisc_knowledge/README_ES.md
Archivo modificado: ./LIF/01_intro/01_baisc_knowledge/activities/00_01_00_LIF_enfoque_ES.md
Archivo modificado: ./LIF/01_intro/01_baisc_knowledge/activities/00_01_03_LIF_wellbeign_intro_ES.md
Archivo modificado: ./LIF/01_intro/01_baisc_knowledge/activities/00_01_02_LIF_teamwork_ES.md
Archivo modificado: ./LIF/01_intro/01_baisc_knowledge/activities/00_01_01_LIF_selfawareness_intro_ES.md
Archivo modificado: ./LIF/01_intro/01_baisc_knowledge/activities/00_01_04_LIF_overview_closing_ES.md
Sin cambios en: ./LIF/03_wellbeign/learning_lif_digital_wb_00_intro.md
Sin cambios en: ./DAT/README_ES.md
Sin cambios en: ./DAT/01_intro/README_ES.md
Sin cambios en: ./DAT/01_intro/02_learning_bydoing/README_ES.md
Archivo modificado: ./DAT/01_intro/02_learning_bydoing/activities/00_02_02_dat_close_ES.md
Archivo modificado: ./DAT/01_intro/02_learning_bydoing/activities/00_02_01_dat_myfirst_ES.md
Archivo modificado: ./DAT/01_intro/02_learning_bydoing/activities/00_02_00_dat_practice_ES.md
Sin cambios en: ./DAT/01_intro/01_baisc_knowledge/README_ES.md
Archivo modificado: ./DAT/01_intro/01_baisc_knowledge/activities/00_01_00_dat_all_about_ES.md
Archivo modificado: ./DAT/01_intro/01_baisc_knowledge/activities/00_01_05_dat_read_tools_ES.md
Archivo modificado: ./DAT/01_intro/01_baisc_knowledge/activities/00_01_04_dat_activity_ai_que_es_ES.md
Archivo modificado: ./DAT/01_intro/01_baisc_knowledge/activities/00_01_01_dat_activity_que_es_ES.md
Archivo modificado: ./DAT/01_intro/01_baisc_knowledge/activities/00_01_03_dat_activity_ai_ES.md
Sin cambios en: ./DAT/00_topics/variables_categóricas_ES.md
Sin cambios en: ./DAT/02_exploratory/README_ES.md
Sin cambios en: ./DAT/02_exploratory/03_time/README_ES.md
Archivo modificado: ./DAT/02_exploratory/03_time/activities/01_03_02_dat_graficocombinado_ES.md
Archivo modificado: ./DAT/02_exploratory/03_time/activities/01_03_00_dat_vizulizareneltiempo_ES.md
Archivo modificado: ./DAT/02_exploratory/03_time/activities/01_03_01_dat_graficolinea_ES.md
Sin cambios en: ./DAT/02_exploratory/01_categorial_vars/README_ES.md
Archivo modificado: ./DAT/02_exploratory/01_categorial_vars/activities/01_01_02_dat_viewanalisis_ES.md
Archivo modificado: ./DAT/02_exploratory/01_categorial_vars/activities/01_01_01_dat_myfirstanalisis_ES.md
Archivo modificado: ./DAT/02_exploratory/01_categorial_vars/activities/01_01_00_dat_variablescategoricas_ES.md
Sin cambios en: ./DAT/02_exploratory/02_central_tendency/README_ES.md
Archivo modificado: ./DAT/02_exploratory/02_central_tendency/activities/01_02_01_dat_medidas_ES.md
Archivo modificado: ./DAT/02_exploratory/02_central_tendency/activities/01_02_00_dat_tendenciacentral_ES.md
Archivo modificado: ./DAT/02_exploratory/02_central_tendency/activities/01_02_02_dat_distribuicion_ES.md
Sin cambios en: ./DEV/README_ES.md
Sin cambios en: ./DEV/02_responsive/README_ES.md
Sin cambios en: ./DEV/02_responsive/04_practice_replicate/README_ES.md
Archivo modificado: ./DEV/02_responsive/04_practice_replicate/activities/01_04_02_project_replications_netflix_ES.md
Archivo modificado: ./DEV/02_responsive/04_practice_replicate/activities/01_04_03_project_replications_slack_ES.md
Archivo modificado: ./DEV/02_responsive/04_practice_replicate/activities/01_04_00_modulo_replications_ES.md
Archivo modificado: ./DEV/02_responsive/04_practice_replicate/activities/01_04_01_project_replications_basic_ES.md
Sin cambios en: ./DEV/02_responsive/02_your_first_form/README_ES.md
Archivo modificado: ./DEV/02_responsive/02_your_first_form/activities/01_02_01_project_formulario_ES.md
Archivo modificado: ./DEV/02_responsive/02_your_first_form/activities/01_02_00_modulo_form_ES.md
Sin cambios en: ./DEV/02_responsive/01_your_first_web/README_ES.md
Archivo modificado: ./DEV/02_responsive/01_your_first_web/activities/01_01_00_modulo_myFirstWeb_ES.md
Archivo modificado: ./DEV/02_responsive/01_your_first_web/activities/01_01_02_project_add_CSS_ES.md
Archivo modificado: ./DEV/02_responsive/01_your_first_web/activities/01_01_03_project_semantic_HTML_ES.md
Archivo modificado: ./DEV/02_responsive/01_your_first_web/activities/01_01_01_project_myFirstWeb_ES.md
Sin cambios en: ./DEV/02_responsive/03_responsive_design/README_ES.md
Archivo modificado: ./DEV/02_responsive/03_responsive_design/activities/01_03_02_project_responsive_flexbox_ES.md
Archivo modificado: ./DEV/02_responsive/03_responsive_design/activities/01_03_01_project_responsive_mediaqueries_ES.md
Archivo modificado: ./DEV/02_responsive/03_responsive_design/activities/01_03_00_modulo_responsive_ES.md
Sin cambios en: ./DEV/01_intro/README_ES.md
Sin cambios en: ./DEV/01_intro/02_learning_bydoing/README_ES.md
Archivo modificado: ./DEV/01_intro/02_learning_bydoing/activities/00_02_00_practice_ES.md
Archivo modificado: ./DEV/01_intro/02_learning_bydoing/activities/00_02_02_close_ES.md
Archivo modificado: ./DEV/01_intro/02_learning_bydoing/activities/00_02_01_myfirst_ES.md
Sin cambios en: ./DEV/01_intro/01_baisc_knowledge/README_ES.md
Archivo modificado: ./DEV/01_intro/01_baisc_knowledge/activities/00_01_01_DEV_internet_web_ES.md
Archivo modificado: ./DEV/01_intro/01_baisc_knowledge/activities/00_01_03_dev_life_ES.md
Archivo modificado: ./DEV/01_intro/01_baisc_knowledge/activities/00_01_04_dev_trends_ES.md
Archivo modificado: ./DEV/01_intro/01_baisc_knowledge/activities/00_01_05_dev_tools_ES.md
Archivo modificado: ./DEV/01_intro/01_baisc_knowledge/activities/00_01_02_DEV_web_ES.md
Archivo modificado: ./DEV/01_intro/01_baisc_knowledge/activities/00_01_00_DEV_all_about_ES.md
Sin cambios en: ./DEV/00_topics/html_ES.md
Sin cambios en: ./DEV/00_topics/css_media_queries_ES.md
Sin cambios en: ./DEV/00_topics/editors_codepen_fork_ES.md
Sin cambios en: ./DEV/00_topics/html_semantic_ES.md
Sin cambios en: ./DEV/00_topics/editors_codepen_doctype_ES.md
Sin cambios en: ./DEV/00_topics/css_fundamentos_ES.md
Sin cambios en: ./DEV/00_topics/css_intro_ES.md
Sin cambios en: ./DEV/00_topics/css_units_ES.md
Sin cambios en: ./DEV/00_topics/editors_codepen_ES.md
Sin cambios en: ./DEV/00_topics/html_forms_ES.md
Sin cambios en: ./DEV/00_topics/css_relative_units_ES.md
Sin cambios en: ./DEV/00_topics/css_flexbox_ES.md
Sin cambios en: ./NOC/README_ES.md
Sin cambios en: ./NOC/01_intro/README_ES.md
Sin cambios en: ./NOC/01_intro/02_learning_bydoing/README_ES.md
Archivo modificado: ./NOC/01_intro/02_learning_bydoing/activities/00_02_02_NOC_close_ES.md
Sin cambios en: ./NOC/01_intro/02_learning_bydoing/activities/README_ES.md
Archivo modificado: ./NOC/01_intro/02_learning_bydoing/activities/00_02_01_NOC_myfirst_ES.md
Sin cambios en: ./NOC/01_intro/01_baisc_knowledge/README_ES.md
Archivo modificado: ./NOC/01_intro/01_baisc_knowledge/activities/00_01_00_NOC_all_about_ES.md
Archivo modificado: ./NOC/01_intro/01_baisc_knowledge/activities/00_01_03_AI_activity_que_es_ES.md
Archivo modificado: ./NOC/01_intro/01_baisc_knowledge/activities/00_01_04_NOC_activity_tools_ES.md
Archivo modificado: ./NOC/01_intro/01_baisc_knowledge/activities/00_01_01_NOC_internet_web_ES.md
Archivo modificado: ./NOC/01_intro/01_baisc_knowledge/activities/00_01_02_NOC_activity_que_es_ES.md
Archivo modificado: ./NOC/01_intro/01_baisc_knowledge/activities/00_01_05_AI_activity_tools_ES.md
Sin cambios en: ./LEA/README_ES.md
Sin cambios en: ./LEA/01_intro/README_ES.md
Sin cambios en: ./LEA/01_intro/01_baisc_knowledge/README_ES.md
Archivo modificado: ./LEA/01_intro/01_baisc_knowledge/activities/lea_model_04_philosophy_ES.md
Archivo modificado: ./LEA/01_intro/01_baisc_knowledge/activities/lea_model_02_work_ES.md
Archivo modificado: ./LEA/01_intro/01_baisc_knowledge/activities/lea_model_05_ai_ES.md
Archivo modificado: ./LEA/01_intro/01_baisc_knowledge/activities/lea_model_03_average_ES.md
Archivo modificado: ./LEA/01_intro/01_baisc_knowledge/activities/lea_model_06_assessment_ES.md
